-- Plain passwords are listed in comments for reference

INSERT INTO Passwords (password_ID, hashed_password, password_salt, creation_date, last_update_date) VALUES
	('05046032-884f-4b7b-b052-689684d71c6e', '$2b$10$ME5Ho60ZGomdGOn6JJWUhOAywRJdgAo.LSxrM4K79vBpMoAblh..O', '$2b$10$ME5Ho60ZGomdGOn6JJWUhO', '2024-12-05 16:04:46', '2024-12-05 16:04:46'),
	('0a130713-c9d1-4bf0-ac23-ed3f6b40883e', '$2b$10$UEYFr9R3OLJA16UwvwDviOsf26kOHHucv6m8rLEvqDWmXzfCtDhV6', '$2b$10$UEYFr9R3OLJA16UwvwDviO', '2024-12-05 16:04:46', '2024-12-05 16:04:46'),
	('0c747724-6ddb-49e6-b937-00b414314e65', '$2b$10$zKY0/JRUznppnOSbtjXDZu0MPJUI9STS560KMNQRuwRC2nuGOBp5e', '$2b$10$zKY0/JRUznppnOSbtjXDZu', '2024-12-05 16:04:46', '2024-12-05 16:04:46'),
	('1055e246-095e-4690-b1e6-1f08d84789f7', '$2b$10$mrGESvPj4iB7U/EWcubV3uVbkNDZNWFhkDynofUu7jY6ZKygvGRay', '$2b$10$mrGESvPj4iB7U/EWcubV3u', '2024-12-05 16:04:46', '2024-12-05 16:04:46'),
	('22c1aee1-47e1-443d-a3cc-4cc5191f6991', '$2b$10$KxOCiuCtm6MdodcCMcclnOqrbf0Q5AMkq5M0ecbaMbQanoDagHv/W', '$2b$10$KxOCiuCtm6MdodcCMcclnO', '2024-12-05 16:04:47', '2024-12-05 16:04:47'),
	('2ee6eee7-125d-4cae-95ef-6f2d393dce6f', '$2b$10$tH2EGUNP1CGduhnlXyqIduQaX3kA1uz7PAed1/Jp549mqt3Xsj35u', '$2b$10$tH2EGUNP1CGduhnlXyqIdu', '2024-12-05 16:04:45', '2024-12-05 16:04:45'),
	('321fbc1f-36c3-4462-bacb-45a077e81fb6', '$2b$10$2Fbwst8nM2M0zvuA0MWBh.fzw6dbTWT7XZRry7tDjjmI811WE7BaC', '$2b$10$2Fbwst8nM2M0zvuA0MWBh.', '2024-12-05 16:04:46', '2024-12-05 16:04:46'),
	('32b9aeee-17c7-4156-9475-40cef9c0ee18', '$2b$10$xV4WsFRnz1QfVP.1ggrW9uVvs3O2dn8Vjz.8WLsyo/aAOWygeqF1u', '$2b$10$xV4WsFRnz1QfVP.1ggrW9u', '2024-12-05 16:04:46', '2024-12-05 16:04:46'),
	('3b32e955-a86f-497f-8eaa-1455d1c7b86d', '$2b$10$eY3Lmhz/MqPyT9z7jgs6i.DOdzq8IrrqPZSqlVvEP3.XJHHixEjcG', '$2b$10$eY3Lmhz/MqPyT9z7jgs6i.', '2024-12-05 16:04:46', '2024-12-05 16:04:46'),
	('40729ed2-75d8-47a1-be1e-6a246790d8e3', '$2b$10$8Hu6/vezOr6ODm0JP5P3duMROtv7A5qetV/dO9ibvSSFyngSLX1MS', '$2b$10$8Hu6/vezOr6ODm0JP5P3du', '2024-12-05 16:04:45', '2024-12-05 16:04:45'),
	('4b7eb8b7-404b-41f8-9ca9-02ca52a9c4f5', '$2b$10$LicCRvNf4DCag5loqdntBeo8XoP6BWCM9as5aIIM9uy4e07ORkDrG', '$2b$10$LicCRvNf4DCag5loqdntBe', '2024-12-05 16:04:46', '2024-12-05 16:04:46'),
	('62f98a57-d3ee-4e16-925a-babea01fa2e7', '$2b$10$e5CLd1MYCBCY.m5TdA/5RuEGZ5CtAvFP9uI1FDmccF3cEo9zEMyUW', '$2b$10$e5CLd1MYCBCY.m5TdA/5Ru', '2024-12-05 16:04:46', '2024-12-05 16:04:46'),
	('735eff9c-99b5-4c58-8173-2474da21ad5a', '$2b$10$uvd5fFCTQjw9W2e/WUH6NOEuRbXgwZpiu/kCdFKCo3KKGfm4QLNCG', '$2b$10$uvd5fFCTQjw9W2e/WUH6NO', '2024-12-05 16:04:46', '2024-12-05 16:04:46'),
	('773c6615-fb93-46bf-b5a8-c4b6034f9c92', '$2b$10$Z71nHmJu5NY2rEs2Gx69w.SSNVJ74oiqPeoV6n03yOQd89g4Ylx46', '$2b$10$Z71nHmJu5NY2rEs2Gx69w.', '2024-12-05 16:04:46', '2024-12-05 16:04:46'),
	('837937a2-bd02-4492-87a4-580d48d2cb9d', '$2b$10$berffOk3viIgExPR83xMEuwGxWFshC844lfeMieHGt8LoJWtmevge', '$2b$10$berffOk3viIgExPR83xMEu', '2024-12-05 16:04:45', '2024-12-05 16:04:45'),
	('94e8d46e-b33a-461d-b57c-c0850fde7b58', '$2b$10$RvdiUUIms7Cny619cNeyXeH.DudV6D7K7ixV84QIz4e0Mqcmg7ffy', '$2b$10$RvdiUUIms7Cny619cNeyXe', '2024-12-05 16:04:46', '2024-12-05 16:04:46'),
	('99e2d95e-44cd-4d19-b7c8-08f17910b596', '$2b$10$04oymd9OlAdIC8YRC9CmlOz/jpl9wCgREd7IsrYuQGRGEgAYRq/na', '$2b$10$04oymd9OlAdIC8YRC9CmlO', '2024-12-05 16:04:46', '2024-12-05 16:04:46'),
	('9d5fd847-60c5-4e3c-ae9a-dc29e044fb2b', '$2b$10$.j5shF.bA663stlL1dd3MeG.p.1HuvwvGuVn4fy/7v3xqRWPkAHUa', '$2b$10$.j5shF.bA663stlL1dd3Me', '2024-12-05 16:04:46', '2024-12-05 16:04:46'),
	('af64b149-fcdb-4e8e-84f6-6478e4165f34', '$2b$10$oj0wH4Z1v8PMv81lsNmup.IUhwh6J4Nz3MFQ7oATOh6VyWdw.LUIm', '$2b$10$oj0wH4Z1v8PMv81lsNmup.', '2024-12-05 16:04:47', '2024-12-05 16:04:47'),
	('b078b6d8-150a-4012-8a24-18ad38882c64', '$2b$10$Kb.rdGpRwEBdvIl9oYlmKu9ReuDpZpq9aTKqspNwo8DWRBRyDpFzm', '$2b$10$Kb.rdGpRwEBdvIl9oYlmKu', '2024-12-05 16:04:46', '2024-12-05 16:04:46'),
	('b4307647-6e76-43e6-9286-cbfb66b3a126', '$2b$10$FdX8BD0umZSSFu/50NH25u.1BY6fxARxXx4Da8GL6SdNkiW0tXA9m', '$2b$10$FdX8BD0umZSSFu/50NH25u', '2024-12-05 16:04:46', '2024-12-05 16:04:46'),
	('b76d679c-94ee-4473-ae6d-8fda6c057d33', '$2b$10$0id2r/U1Ln45CM7tW4FsruvI1NjFTJTeJxBboff1wuv4fWlrcmH2a', '$2b$10$0id2r/U1Ln45CM7tW4Fsru', '2024-12-05 16:04:45', '2024-12-05 16:04:45'),
	('bf1f051d-49c8-43c9-8a60-b22d1d890e23', '$2b$10$34zjXz6s28j6qtwgrYzwjeEhcgabe8mzlS13X3xJIw.86U6ro7Qaa', '$2b$10$34zjXz6s28j6qtwgrYzwje', '2024-12-05 16:04:46', '2024-12-05 16:04:46'),
	('ce68b103-b05a-4200-906c-6135f8223e92', '$2b$10$uj9UIaFwmWB6bGMb4AueL..f.J.lkUSAO14AigH3jH2YwQ790G.ne', '$2b$10$uj9UIaFwmWB6bGMb4AueL.', '2024-12-05 16:04:46', '2024-12-05 16:04:46'),
	('ce99ee67-9e24-4046-bd4f-7ca67404ccc9', '$2b$10$sH8UcZxTGZxcwVx0BPv5MONyTn3lusCtuyy2OydBtQLggHquzvOw2', '$2b$10$sH8UcZxTGZxcwVx0BPv5MO', '2024-12-05 16:04:46', '2024-12-05 16:04:46'),
	('cfde4227-f3ef-418f-9a21-80164687a60e', '$2b$10$zJ.hVUq/znrmuE12MX8Pf.QJTi4O6A9FgV7bZC0/RN0NQhB3jkub2', '$2b$10$zJ.hVUq/znrmuE12MX8Pf.', '2024-12-05 16:04:45', '2024-12-05 16:04:45'),
	('db75518d-ecea-4647-821b-22ad814f89fb', '$2b$10$/BUqL1FQAkmJ509drwfXhevlQ4GdAHco2cymFD1Az8Jq9Bu9cnXw2', '$2b$10$/BUqL1FQAkmJ509drwfXhe', '2024-12-05 16:04:46', '2024-12-05 16:04:46'),
	('e3b7fdd2-2b76-4fdd-82e2-e58d612f0e2d', '$2b$10$uXBUVra8eZGWbJYyz/..Ue7.oIYOtURiFF15E2071YraQGis4A6NG', '$2b$10$uXBUVra8eZGWbJYyz/..Ue', '2024-12-05 16:04:45', '2024-12-05 16:04:45'),
	('ef042d96-2fe4-4987-8c18-c02ba53d3f32', '$2b$10$Se.fgAvRt2hUIO77FHyz8e9.SbY8XUKZbMYhYb2QBm3Bbu1BVsl32', '$2b$10$Se.fgAvRt2hUIO77FHyz8e', '2024-12-05 16:04:46', '2024-12-05 16:04:46'),
	('f93da1bd-9dca-4084-b528-02561e222719', '$2b$10$ixyrqMUlOPlvvAupJGXhtuExEiz1i8DqMBPMiFkPA8XPUYKZ9674a', '$2b$10$ixyrqMUlOPlvvAupJGXhtu', '2024-12-05 16:04:46', '2024-12-05 16:04:46'),
    ('0148f1b5-a350-49cc-89c8-794623a1ab82', '$2b$10$iHmWgHlkf0p/Mf/BFCDWr.Y7Rv6A.ac2AL1gd2x1Ni5NBx72dCldq', '$2b$10$iHmWgHlkf0p/Mf/BFCDWr.', '2024-12-05 18:25:20', '2024-12-05 18:25:20'),
	('09ef88d6-0fbf-4c71-bb65-8dcae9a7e476', '$2b$10$79nw/A8LBvlnZnER9XFu7OimZa94r27M/ZDCq1beLu1PeXmw1QuzO', '$2b$10$79nw/A8LBvlnZnER9XFu7O', '2024-12-05 18:25:22', '2024-12-05 18:25:22'),
	('15267434-4d5c-43a2-8f4d-7b4f4030c7ab', '$2b$10$uN5hszlwPNsHRL74cBgkY.GtsLenfbW4Q2N97Pedeg6kXK1j732KC', '$2b$10$uN5hszlwPNsHRL74cBgkY.', '2024-12-05 18:25:20', '2024-12-05 18:25:20'),
	('2c128e79-1da4-4540-b5e9-2ab84f581a6c', '$2b$10$H0IL458W7T1aAHPe4a479Oh9EYG3K.QT/QIrg0.8gOTRXsN71xMYu', '$2b$10$H0IL458W7T1aAHPe4a479O', '2024-12-05 18:25:22', '2024-12-05 18:25:22'),
	('349b4cd6-d491-498a-9eb9-6f3e38f83db6', '$2b$10$K9ENecEjppzNTo1ZLwUDdeHAVLDJdH6OGMtTwv/GF5G1plcp9CCLW', '$2b$10$K9ENecEjppzNTo1ZLwUDde', '2024-12-05 18:25:22', '2024-12-05 18:25:22'),
	('352a556f-c3d2-4748-863e-8593a6c9f9ab', '$2b$10$VxmHztvJQUNmuefB1C0h.Oivu0PbxhCcS2gJn4yGmwbwaOhDwJVXW', '$2b$10$VxmHztvJQUNmuefB1C0h.O', '2024-12-05 18:25:23', '2024-12-05 18:25:23'),
	('4d2ed5cc-bd6b-43a7-aa94-204d08251a3e', '$2b$10$tTI/kmktAr1DJaIcdNAHxeLNvP8MnJbJpvXYGfDdSogByYI5jVSjK', '$2b$10$tTI/kmktAr1DJaIcdNAHxe', '2024-12-05 18:25:21', '2024-12-05 18:25:21'),
	('5dc45082-368c-47e8-af32-8282e0fbfb9d', '$2b$10$SN6t6ady1QNSMQ0AkPulauunWlZuB1Kx75BqQB8R1ULUxyvqp9diu', '$2b$10$SN6t6ady1QNSMQ0AkPulau', '2024-12-05 18:25:20', '2024-12-05 18:25:20'),
	('6125e13e-295d-4659-9447-654474f9f31f', '$2b$10$rH827n.uUSOATVbm6OGmmeoLxoBXh/dWbZE7VHI4sue.trtY0L8WW', '$2b$10$rH827n.uUSOATVbm6OGmme', '2024-12-05 18:25:22', '2024-12-05 18:25:22'),
	('6f223159-dd34-4682-8aeb-282003ec177a', '$2b$10$NpRvpQWKxc7rSfrqyu55hujjcveOzbreJLODQmR7xkL1D26nOn2nq', '$2b$10$NpRvpQWKxc7rSfrqyu55hu', '2024-12-05 18:25:21', '2024-12-05 18:25:21'),
	('7d3d297c-523e-46af-ae08-c826ec77e05f', '$2b$10$3fItAazx2V59UGLAXHD1kueWdk.mOOtOAnsFoeyvIQShzNblzEckq', '$2b$10$3fItAazx2V59UGLAXHD1ku', '2024-12-05 18:25:22', '2024-12-05 18:25:22'),
	('831d58cd-a555-4e29-98f1-80973c8c889b', '$2b$10$tVhs5f7q9JSzuuiLsmWnuO5gTlb4EBQ.MPs/0mNbDMqrZOX0GKRe2', '$2b$10$tVhs5f7q9JSzuuiLsmWnuO', '2024-12-05 18:25:21', '2024-12-05 18:25:21'),
	('919ff03e-5517-49be-ae7c-61585314f737', '$2b$10$mdUwZ9JDKQ5mZoUp3VUdvuKmY2CoBZ1d0H.FjiIFUk.xZ04bXddkO', '$2b$10$mdUwZ9JDKQ5mZoUp3VUdvu', '2024-12-05 18:25:20', '2024-12-05 18:25:20'),
	('9b6c1570-ad5f-4ec9-bc3a-52375a87ba80', '$2b$10$dD/5aGKr5bTujMaqdbHiKO1.xGmWxYIktgYVjy58rUTQvd03.7mrK', '$2b$10$dD/5aGKr5bTujMaqdbHiKO', '2024-12-05 18:25:23', '2024-12-05 18:25:23'),
	('a4c4c883-da7f-48d9-830b-48df85ade568', '$2b$10$WYQjucV4HETEyl8nUTbyy.3/PpFkg3XCM77669eqTrtLp8zT49OhG', '$2b$10$WYQjucV4HETEyl8nUTbyy.', '2024-12-05 18:25:20', '2024-12-05 18:25:20'),
	('abd03654-df60-4117-a1a4-82278956b2cd', '$2b$10$Pgq6PJ.Z3Rkzn8iWL4XYjOgF9H7HPN2aRYkxhx4ccHxtIZLyCvPXG', '$2b$10$Pgq6PJ.Z3Rkzn8iWL4XYjO', '2024-12-05 18:25:21', '2024-12-05 18:25:21'),
	('ba54b760-be51-4040-8582-98db3ad21d9b', '$2b$10$KlsdqiSht6Ps6gfbWzyAJuVFG6.wANZkD8wk7DZQ7tcGGSeG3vwZK', '$2b$10$KlsdqiSht6Ps6gfbWzyAJu', '2024-12-05 18:25:21', '2024-12-05 18:25:21'),
	('bbf5b6cb-1b51-49cf-a90a-2a897dce28b6', '$2b$10$QnPOWnSMYcCx8VHfoxvzue5NNljVEskGlWPBue1bnhwo1tgH3Ebiy', '$2b$10$QnPOWnSMYcCx8VHfoxvzue', '2024-12-05 18:25:20', '2024-12-05 18:25:20'),
	('c56e72cb-f01c-4447-9e24-0e41e4b11b99', '$2b$10$cSw1qKQf/dFDmx7xXFW6ouOHRHF8cNuFb86uMCqkFJ.3MRN5JF5VK', '$2b$10$cSw1qKQf/dFDmx7xXFW6ou', '2024-12-05 18:25:22', '2024-12-05 18:25:22'),
	('ce208a76-f72c-4d7b-989e-b1529118d82e', '$2b$10$NQ3Z0ixKPpEdK6XwXTAwl.ODwsbm6DbSOuAHNePmoj5NAmipB9alu', '$2b$10$NQ3Z0ixKPpEdK6XwXTAwl.', '2024-12-05 18:25:21', '2024-12-05 18:25:21');


INSERT INTO User (user_ID, password_ID, first_name, last_name, phone, email) VALUES
	('0f3a0358-0ce7-4743-9add-4faa95b3db33', '1055e246-095e-4690-b1e6-1f08d84789f7', 'Sophia', 'Moore', '555-0008', 'sophia.moore8@example.com'), -- Password8!
	('1c80471b-26b3-42f0-b28f-c301d238b470', '0c747724-6ddb-49e6-b937-00b414314e65', 'Ethan', 'Adams', '555-0025', 'ethan.adams25@example.com'), -- Password25!
	('1d548540-2d57-4793-bcee-0d6af82ebf00', '773c6615-fb93-46bf-b5a8-c4b6034f9c92', 'Emma', 'Wilson', '555-0007', 'emma.wilson7@example.com'), -- Password7!
	('1e182893-940a-4283-b5a3-b2a7bd44b71d', 'ef042d96-2fe4-4987-8c18-c02ba53d3f32', 'Liam', 'Anderson', '555-0009', 'liam.anderson9@example.com'),-- Password9!
	('2355db3c-4810-4663-a3e8-08ac5ca86cfd', '735eff9c-99b5-4c58-8173-2474da21ad5a', 'Ava', 'Hall', '555-0019', 'ava.hall19@example.com'),-- Password19!
	('250e6501-ce0c-4f38-ac00-d9d1f67e99b8', '321fbc1f-36c3-4462-bacb-45a077e81fb6', 'Olivia', 'Thomas', '555-0010', 'olivia.thomas10@example.com'),-- Password10!
	('390ac4e0-991b-46a5-805f-2641ec33ee10', 'ce68b103-b05a-4200-906c-6135f8223e92', 'Daniel', 'Parker', '555-0027', 'daniel.parker27@example.com'),-- Password27!
	('3fa12e10-acdc-4094-9bba-3eb4c7316dd4', 'af64b149-fcdb-4e8e-84f6-6478e4165f34', 'Nora', 'Evans', '555-0030', 'nora.evans30@example.com'),-- Password30!
	('470b778f-9c89-424a-956c-021032ef6360', '94e8d46e-b33a-461d-b57c-c0850fde7b58', 'Amelia', 'Clark', '555-0016', 'amelia.clark16@example.com'),-- Password16!
	('4a324fa4-adae-4581-a43b-e563dc39694c', '4b7eb8b7-404b-41f8-9ca9-02ca52a9c4f5', 'Charlotte', 'Young', '555-0017', 'charlotte.young17@example.com'),-- Password17!
	('5575a84e-d1b6-425d-b5e2-ea46dd7e9657', '22c1aee1-47e1-443d-a3cc-4cc5191f6991', 'Ryan', 'Bell', '555-0029', 'ryan.bell29@example.com'),-- Password29!
	('60063c07-95eb-4190-8bc9-1ea7264deac3', '3b32e955-a86f-497f-8eaa-1455d1c7b86d', 'Noah', 'Jackson', '555-0011', 'noah.jackson11@example.com'),-- Password11!
	('7440c8b5-9260-4b41-a186-d12572bd14df', '99e2d95e-44cd-4d19-b7c8-08f17910b596', 'Mia', 'White', '555-0012', 'mia.white12@example.com'),-- Password12!
	('7d5de3b6-a6a6-43a5-a740-bae8b2a4ac5d', 'b078b6d8-150a-4012-8a24-18ad38882c64', 'Zoe', 'Ramirez', '555-0028', 'zoe.ramirez28@example.com'),-- Password28!
	('7f201648-aa07-423a-94fa-133257de07a7', 'ce99ee67-9e24-4046-bd4f-7ca67404ccc9', 'Henry', 'Walker', '555-0018', 'henry.walker18@example.com'),-- Password18!
	('7f7f0b2a-b04c-45c1-bc17-36c06798e8b1', '2ee6eee7-125d-4cae-95ef-6f2d393dce6f', 'Charlie', 'Miller', '555-0005', 'charlie.miller5@example.com'),-- Password5!
	('93a5b232-7f60-4bf4-abf8-379dcbe641d0', 'b4307647-6e76-43e6-9286-cbfb66b3a126', 'Lucas', 'Lee', '555-0015', 'lucas.lee15@example.com'),-- Password15!
	('a2173d10-7c80-4529-9293-cb8c1179e206', 'f93da1bd-9dca-4084-b528-02561e222719', 'Ella', 'Harris', '555-0013', 'ella.harris13@example.com'),-- Password13!
	('a8c1d9af-0984-4e62-aee6-144d2f1cd084', 'e3b7fdd2-2b76-4fdd-82e2-e58d612f0e2d', 'David', 'Taylor', '555-0006', 'david.taylor6@example.com'),-- Password6!
	('aa8caf9b-122a-4ebc-80ac-efd22f2d34a7', 'bf1f051d-49c8-43c9-8a60-b22d1d890e23', 'Evelyn', 'Hill', '555-0022', 'evelyn.hill22@example.com'),-- Password22!
	('af7c26cd-7eb7-4cfb-915b-055d0f8c66ea', 'b76d679c-94ee-4473-ae6d-8fda6c057d33', 'Bob', 'Brown', '555-0004', 'bob.brown4@example.com'),-- Password4!
	('b8591c5f-7a92-4445-8212-8e3853e56c29', '0a130713-c9d1-4bf0-ac23-ed3f6b40883e', 'Harper', 'Wright', '555-0021', 'harper.wright21@example.com'),-- Password21!
	('ba2df383-abe9-4f60-8719-ba51d76a3848', '32b9aeee-17c7-4156-9475-40cef9c0ee18', 'Jack', 'Scott', '555-0023', 'jack.scott23@example.com'),-- Password23!
	('bf23b5b2-c088-49b1-8f90-11de9de9baf2', '9d5fd847-60c5-4e3c-ae9a-dc29e044fb2b', 'James', 'Martin', '555-0014', 'james.martin14@example.com'),-- Password14!
	('c61a3ad5-97b1-4954-b86c-085342fb3b67', 'cfde4227-f3ef-418f-9a21-80164687a60e', 'Jane', 'Smith', '555-0002', 'jane.smith2@example.com'),-- Password2!
	('cc3ed9c4-2536-4a32-a7c5-2f1539c7be8b', 'db75518d-ecea-4647-821b-22ad814f89fb', 'Isabella', 'Green', '555-0024', 'isabella.green24@example.com'),-- Password24!
	('d5436add-1c92-4a81-b2f3-be138b2ced37', '05046032-884f-4b7b-b052-689684d71c6e', 'Mason', 'King', '555-0020', 'mason.king20@example.com'),-- Password20!
	('e354ca73-5ca1-4e40-bb9f-020d0075cad5', '62f98a57-d3ee-4e16-925a-babea01fa2e7', 'Chloe', 'Baker', '555-0026', 'chloe.baker26@example.com'),-- Password26!
	('e4130fa5-bf78-4221-82af-7a4d18d5f3fd', '40729ed2-75d8-47a1-be1e-6a246790d8e3', 'Alice', 'Johnson', '555-0003', 'alice.johnson3@example.com'),-- Password3!
	('e8ccee59-7368-4bed-b677-8831c641e972', '837937a2-bd02-4492-87a4-580d48d2cb9d', 'John', 'Doe', '555-0001', 'john.doe1@example.com');-- Password1!

INSERT INTO Organization (org_ID, password_ID, name, email, phone, website, street, city, state, zipcode) VALUES
	('00d01d1e-0682-4203-9859-a249907c8821', '831d58cd-a555-4e29-98f1-80973c8c889b', 'Eco Farmers', 'info@ecofarmers.com', '555-0008', 'https://ecofarmers.com', '444 Harvest Rd', 'Denver', 'CO', '80201'),-- Password8!
	('1167c75c-04b9-4542-b00d-73aa5220f182', '0148f1b5-a350-49cc-89c8-794623a1ab82', 'NextGen Robotics', 'info@nextgenrobotics.com', '555-0006', 'https://nextgenrobotics.com', '101 AI Park', 'Seattle', 'WA', '98101'),-- Password6!
	('262ced16-8e09-4059-ae6c-e223f6827564', 'ba54b760-be51-4040-8582-98db3ad21d9b', 'Mindful Tech', 'support@mindfultech.com', '555-0009', 'https://mindfultech.com', '555 Serenity Ln', 'Portland', 'OR', '97201'),-- Password8!
	('29fa3bc7-628f-453c-a21f-4371af492f67', 'c56e72cb-f01c-4447-9e24-0e41e4b11b99', 'Finance Gurus', 'hello@financegurus.com', '555-0017', 'https://financegurus.com', '141 Money Blvd', 'Houston', 'TX', '77001'),-- Password17!
	('33029038-a8a1-486e-aca5-3da998490036', '919ff03e-5517-49be-ae7c-61585314f737', 'Tech Solutions', 'contact@techsolutions.com', '555-0001', 'https://techsolutions.com', '123 Innovation Dr', 'San Francisco', 'CA', '94103'),-- Password1!
	('34cf762b-62d9-460b-b1a8-d7a1fb66744c', '2c128e79-1da4-4540-b5e9-2ab84f581a6c', 'Artify', 'contact@artify.com', '555-0016', 'https://artify.com', '131 Creative St', 'Philadelphia', 'PA', '19101'),-- Password16!
	('36e59a43-7609-45c7-9679-3c28baf28015', '7d3d297c-523e-46af-ae08-c826ec77e05f', 'Cultural Connect', 'support@culturalconnect.com', '555-0013', 'https://culturalconnect.com', '999 Heritage Way', 'Dallas', 'TX', '75201'),-- Password13!
	('39de3722-8507-4a82-b086-f880ac6287ef', '5dc45082-368c-47e8-af32-8282e0fbfb9d', 'Urban Builders', 'hello@urbanbuilders.com', '555-0005', 'https://urbanbuilders.com', '678 Metro St', 'Chicago', 'IL', '60601'),-- Password5!
	('3fd354e5-89f6-4380-9d3c-de8128d2ec84', '6125e13e-295d-4659-9447-654474f9f31f', 'Gaming World', 'info@gamingworld.com', '555-0018', 'https://gamingworld.com', '151 Play St', 'Las Vegas', 'NV', '89101'),-- Password18!
	('4b9166cb-d3d9-4f55-a178-21a75b6e620b', '15267434-4d5c-43a2-8f4d-7b4f4030c7ab', 'Healthify', 'contact@healthify.com', '555-0004', 'https://healthify.com', '135 Wellness Blvd', 'Los Angeles', 'CA', '90001'),-- Password4!
	('664ef4b6-d895-4c0e-8535-027c284015b7', 'ce208a76-f72c-4d7b-989e-b1529118d82e', 'Blue Oceans', 'contact@blueoceans.com', '555-0007', 'https://blueoceans.com', '333 Marine Blvd', 'Miami', 'FL', '33101'),-- Password7!
	('775f3825-e298-486c-a182-a1e862da9a64', '9b6c1570-ad5f-4ec9-bc3a-52375a87ba80', 'Innovate Co', 'contact@innovateco.com', '555-0020', 'https://innovateco.com', '171 Creator Ln', 'Pittsburgh', 'PA', '15201'),-- Password20!
	('87b15d3c-aa30-4f46-95cc-abca6386bda9', '09ef88d6-0fbf-4c71-bb65-8dcae9a7e476', 'Travel Simplified', 'contact@travelsimplified.com', '555-0014', 'https://travelsimplified.com', '111 Explorer Ln', 'Orlando', 'FL', '32801'),-- Password14!
	('8a290be6-6a7a-4cd6-b346-d207369d3a46', '349b4cd6-d491-498a-9eb9-6f3e38f83db6', 'Bio Tech Labs', 'info@biotechlabs.com', '555-0015', 'https://biotechlabs.com', '121 Genomics Dr', 'San Diego', 'CA', '92101'),-- Password15!
	('b861a78f-a3a9-44f6-bf7a-e2eac5b9ac07', 'bbf5b6cb-1b51-49cf-a90a-2a897dce28b6', 'Green Energy Co', 'info@greenenergy.com', '555-0002', 'https://greenenergy.com', '456 Solar Ave', 'Austin', 'TX', '78701'),-- Password2!
	('b9c6aba6-e352-4976-b4a3-5986d985b952', 'abd03654-df60-4117-a1a4-82278956b2cd', 'Future Trends', 'info@futuretrends.com', '555-0010', 'https://futuretrends.com', '777 Vision St', 'New York', 'NY', '10001'),-- Password10!
	('da2c9519-4e2e-431d-aaa6-3827e19adb7d', '4d2ed5cc-bd6b-43a7-aa94-204d08251a3e', 'Digital Horizon', 'hello@digitalhorizon.com', '555-0012', 'https://digitalhorizon.com', '888 Tech Blvd', 'Phoenix', 'AZ', '85001'),-- Password12!
	('dc075002-d0d3-43a3-94ac-77dac63b9850', 'a4c4c883-da7f-48d9-830b-48df85ade568', 'Edu World', 'support@eduworld.org', '555-0003', 'https://eduworld.org', '789 Learning Ln', 'Boston', 'MA', '2118'),-- Password3!
	('f5ac47ca-545a-49b5-9a7e-c85076619549', '352a556f-c3d2-4748-863e-8593a6c9f9ab', 'Wellness Inc', 'support@wellnessinc.com', '555-0019', 'https://wellnessinc.com', '161 Healthy Way', 'Salt Lake City', 'UT', '84101'),-- Password19!
	('f6bc5db3-34ca-4d48-b8f0-3739843d0e88', '6f223159-dd34-4682-8aeb-282003ec177a', 'Sports Hub', 'contact@sportshub.com', '555-0011', 'https://sportshub.com', '222 Play Ave', 'Atlanta', 'GA', '30301');-- Password11!

INSERT INTO Event (event_id, org_id, title, start_time, end_time, date, capacity, waitlist_capacity, price, availability, street, city, state, zipcode, type, image, description) VALUES
    ('e872ef08-d289-4324-997e-fb5588f275fb', '00d01d1e-0682-4203-9859-a249907c8821', 'Digital Marketing Webinar', '2024-12-06 18:00:00', '2024-12-06 23:11:00', '2024-12-06', 100, 15, 44.00, 'available', '74 S 9th St, Apt 10', 'San Jose', 'CA', 95112, 'Webinar', NULL, 'Learn the latest digital marketing strategies from experts.'),
    ('e56af44c-cd5c-4b15-b923-98c4826bb6c6', '33029038-a8a1-486e-aca5-3da998490036', 'AI Innovations Conference', '2024-12-06 09:00:00', '2024-12-06 17:00:00', '2024-12-10', 300, 50, 100.00, 'available', '123 Innovation Ave', 'San Francisco', 'CA', 94107, 'Conference', NULL, 'Explore cutting-edge innovations in artificial intelligence.'),
    ('fc56b998-a4d1-4b0f-a5b8-f4e1ac8a872b', '664ef4b6-d895-4c0e-8535-027c284015b7', 'Sustainability Practices Workshop', '2024-12-06 09:00:00', '2024-12-06 12:00:00', '2024-12-08', 50, 10, 30.00, 'available', '101 Beach Blvd', 'Miami', 'FL', 33101, 'Workshop', NULL, 'Join us for a hands-on workshop on sustainability practices.'),
    ('b123f33d-54da-41bb-9a43-dc1234f34cc7', 'b861a78f-a3a9-44f6-bf7a-e2eac5b9ac07', 'Michael W. Smith Christmas Concert', '2024-12-06 19:00:00', '2024-12-06 21:00:00', '2024-12-15', 200, 20, 50.00, 'available', '123 Christmas Blvd', 'Austin', 'TX', 78701, 'Concert', NULL, 'Celebrate Christmas with Michael W. Smith and special guest Riley Clemmons.'),
    ('d456af98-ef12-456b-b123-abcdef123456', '39de3722-8507-4a82-b086-f880ac6287ef', 'Urban Architecture Workshop', '2024-06-20 14:00:00', '2024-12-06 16:00:00', '2024-12-20', 150, 20, 60.00, 'available', '789 City Center', 'Chicago', 'IL', 60601, 'Workshop', NULL, 'Discover trends shaping the future of urban architecture.'),
	('a672ef12-1c23-4b45-b123-1cdef4567890', 'f6bc5db3-34ca-4d48-b8f0-3739843d0e88', 'Sports Management Webinar', '2024-12-06 10:00:00', '2024-12-06 12:00:00', '2024-12-18', 200, 25, 20.00, 'available', '888 Training Ln', 'Atlanta', 'GA', 30301, 'Webinar', NULL, 'Join top professionals in sports management for an engaging discussion.'),
	('c672bc98-1d23-4567-bc89-2def12345678', 'b9c6aba6-e352-4976-b4a3-5986d985b952', 'Future Trends in Technology', '2024-12-06 09:00:00', '2024-12-06 17:00:00', '2024-12-25', 300, 50, 100.00, 'available', '777 Vision Blvd', 'New York', 'NY', 10001, 'Conference', NULL, 'Explore the future of technology with leading innovators.'),
	('d452gf34-1234-5678-abcd-ef34567890ab', '664ef4b6-d895-4c0e-8535-027c284015b7', 'Blue Oceans Live Concert', '2024-12-06 19:00:00', '2024-12-06 22:00:00', '2024-12-19', 500, 50, 60.00, 'available', '333 Marine St', 'Miami', 'FL', 33101, 'Concert', NULL, 'An unforgettable night of music and ocean advocacy.'),
	('e423ac98-2345-6789-bcde-f1234567890a', '4b9166cb-d3d9-4f55-a178-21a75b6e620b', 'Health and Wellness Workshop', '2024-12-06 14:00:00', '2024-12-06 16:00:00', '2024-12-22', 100, 10, 40.00, 'available', '135 Wellness Blvd', 'Los Angeles', 'CA', 90001, 'Workshop', NULL, 'Learn effective wellness techniques for a healthy lifestyle.'),
	('f876bc90-3456-7890-cdef-1234567890ab', '87b15d3c-aa30-4f46-95cc-abca6386bda9', 'Travel Planning Webinar', '2024-12-06 18:00:00', '2024-12-06 20:00:00', '2024-12-29', 150, 15, 25.00, 'available', '111 Explorer Ln', 'Orlando', 'FL', 32801, 'Webinar', NULL, 'Tips and tricks for hassle-free travel planning.'),
	('g876dc34-4567-8901-cdef-234567890abc', '775f3825-e298-486c-a182-a1e862da9a64', 'Innovate Music Festival', '2024-12-07 17:00:00', '2024-12-07 22:00:00', '2024-12-31', 1000, 100, 80.00, 'available', '171 Creator Ln', 'Pittsburgh', 'PA', 15201, 'Concert', NULL, 'Celebrate innovation with live music and entertainment.'),
	('i876fc56-6789-0123-dfgh-45678901abcd', '36e59a43-7609-45c7-9679-3c28baf28015', 'Cultural Diversity Workshop', '2024-12-07 14:00:00', '2024-12-07 16:00:00', '2024-12-30', 50, 5, 35.00, 'available', '999 Heritage Way', 'Dallas', 'TX', 75201, 'Workshop', NULL, 'Promoting cultural diversity in modern society.'),
	('j876ac12-7890-1234-dfgh-56789012abcd', 'da2c9519-4e2e-431d-aaa6-3827e19adb7d', 'Digital Beats Festival', '2024-12-07 18:00:00', '2024-12-07 23:00:00', '2024-12-26', 2000, 200, 120.00, 'available', '888 Tech Blvd', 'Phoenix', 'AZ', 85001, 'Concert', NULL, 'Experience the power of digital music and live performances.'),
	('h876ec45-5678-9012-dfgh-34567890abcd', 'dc075002-d0d3-43a3-94ac-77dac63b9850', 'EduTech Summit', '2024-12-07 10:00:00', '2024-12-07 16:00:00', '2024-12-27', 500, 50, 50.00, 'available', '789 Learning Ln', 'Boston', 'MA', 2118, 'Conference', NULL, 'Advancing education through technology.'),
	('k987bd34-8901-2345-ghij-67890123bcde', '87b15d3c-aa30-4f46-95cc-abca6386bda9', 'Sustainable Travel Webinar', '2024-12-08 15:00:00', '2024-12-08 17:00:00', '2024-12-28', 100, 10, 30.00, 'available', '111 Explorer Ln', 'Orlando', 'FL', 32801, 'Webinar', NULL, 'Explore sustainable travel practices and eco-friendly options.'),
	('m123df56-0123-4567-ijkl-89012345defg', 'dc075002-d0d3-43a3-94ac-77dac63b9850', 'EduWorld Annual Conference', '2024-12-08 09:00:00', '2024-12-08 17:00:00', '2024-12-20', 400, 30, 75.00, 'available', '789 Learning Ln', 'Boston', 'MA', 2118, 'Conference', NULL, 'An insightful conference for educators and learners.'),
	('l098ce45-9012-3456-hijk-78901234cdef', 'b861a78f-a3a9-44f6-bf7a-e2eac5b9ac07', 'Renewable Energy Workshop', '2024-12-08 10:00:00', '2024-12-08 12:00:00', '2024-12-21', 80, 10, 50.00, 'available', '456 Solar Ave', 'Austin', 'TX', 78701, 'Workshop', NULL, 'Learn about the latest trends in renewable energy.'),
	('n234ef67-1234-5678-jklm-90123456efgh', '4b9166cb-d3d9-4f55-a178-21a75b6e620b', 'Healthify Music Festival', '2024-12-09 17:00:00', '2024-12-09 22:00:00', '2024-12-23', 700, 50, 70.00, 'available', '135 Wellness Blvd', 'Los Angeles', 'CA', 90001, 'Concert', NULL, 'A festival celebrating health and wellness with live music.'),
	('p456gh89-3456-7890-lmno-12345678ghij', '664ef4b6-d895-4c0e-8535-027c284015b7', 'Marine Conservation Workshop', '2024-12-09 13:00:00', '2024-12-09 15:00:00', '2024-12-22', 120, 10, 40.00, 'available', '333 Marine Blvd', 'Miami', 'FL', 33101, 'Workshop', NULL, 'Learn about marine conservation and sustainable practices.'),
	('o345fg78-2345-6789-klmn-01234567fghi', '775f3825-e298-486c-a182-a1e862da9a64', 'Startup Funding Webinar', '2024-12-05 14:00:00', '2024-12-05 16:00:00', '2024-12-24', 150, 20, 30.00, 'available', '171 Creator Ln', 'Pittsburgh', 'PA', 15201, 'Webinar', NULL, 'Strategies and insights for securing startup funding.'),
    ('k345ef12-1a34-4c45-bc12-1ddef1234567', 'b861a78f-a3a9-44f6-bf7a-e2eac5b9ac07', 'Green Energy Innovations', '2024-12-06 15:00:00', '2024-12-06 17:00:00', '2024-12-15', 150, 20, 30.00, 'available', '456 Solar Ave', 'Austin', 'TX', 78701, 'Webinar', NULL, 'Discover the latest innovations in renewable energy.'),
	('l567fg34-1b45-5c67-cd34-2edef2345678', 'da2c9519-4e2e-431d-aaa6-3827e19adb7d', 'EduTech Global Summit', '2024-12-06 09:00:00', '2024-12-06 16:00:00', '2024-12-20', 400, 40, 80.00, 'available', '789 Learning Ln', 'Boston', 'MA', 2118, 'Conference', NULL, 'Connect with global educators and tech pioneers.'),
	('m678gh45-2c56-6d78-de45-3fgh34567890', '775f3825-e298-486c-a182-a1e862da9a64', 'Creative Innovations Workshop', '2024-12-07 14:00:00', '2024-12-07 17:00:00', '2024-12-28', 80, 8, 50.00, 'available', '171 Creator Ln', 'Pittsburgh', 'PA', 15201, 'Workshop', NULL, 'Unleash creativity through hands-on activities.'),
	('n789hi56-3d67-7e89-ef56-4ghi45678901', '33029038-a8a1-486e-aca5-3da998490036', 'Tech Solutions Live Concert', '2024-12-06 19:00:00', '2024-12-07 22:00:00', '2024-12-18', 1000, 100, 70.00, 'available', '123 Innovation Dr', 'San Francisco', 'CA', 94103, 'Concert', NULL, 'A night of tech and music at its finest.'),
	('o890ij67-4e78-8f90-fg67-5hij56789012', '664ef4b6-d895-4c0e-8535-027c284015b7', 'Ocean Conservation Webinar', '2024-12-05 10:00:00', '2024-12-07 12:00:00', '2024-12-21', 300, 30, 20.00, 'available', '333 Marine Blvd', 'Miami', 'FL', 33101, 'Webinar', NULL, 'Learn about preserving our oceans from experts.'),
	('p901jk78-5f89-9012-gh78-6ijk67890123', 'b9c6aba6-e352-4976-b4a3-5986d985b952', 'Future Trends Workshop', '2024-12-05 14:00:00', '2024-12-08 16:00:00', '2024-12-24', 120, 10, 40.00, 'available', '777 Vision St', 'New York', 'NY', 10001, 'Workshop', NULL, 'Explore futuristic trends in this interactive workshop.'),
	('q012kl89-6g90-0123-hi89-7jkl78901234', '39de3722-8507-4a82-b086-f880ac6287ef', 'Urban Builders Fest', '2024-12-06 18:00:00', '2024-12-06 22:00:00', '2024-12-27', 800, 80, 60.00, 'available', '678 Metro St', 'Chicago', 'IL', 60601, 'Concert', NULL, 'Celebrate the urban lifestyle with live music.'),
	('r123lm90-7h01-1234-ij90-8klm89012345', 'f5ac47ca-545a-49b5-9a7e-c85076619549', 'Wellness Leadership Summit', '2024-12-07 09:00:00', '2024-12-07 15:00:00', '2024-12-30', 300, 30, 70.00, 'available', '161 Healthy Way', 'Salt Lake City', 'UT', 84101, 'Conference', NULL, 'Empowering wellness leaders to make a difference.'),
	('z901tu78-fo89-9012-qr78-6stu67890123', 'f5ac47ca-545a-49b5-9a7e-c85076619549', 'Healthy Living Webinar', '2024-12-08 10:00:00', '2024-12-08 12:00:00', '2024-12-31', 400, 50, 30.00, 'available', '161 Healthy Way', 'Salt Lake City', 'UT', 84101, 'Webinar', NULL, 'Discover tips for a healthier and happier life.'),
	('y890st67-en78-8901-pq67-5rst56789012', 'b9c6aba6-e352-4976-b4a3-5986d985b952', 'Visionary Sounds Concert', '2024-12-09 19:00:00', '2024-12-09 23:00:00', '2024-12-29', 800, 60, 65.00, 'available', '777 Vision St', 'New York', 'NY', 10001, 'Concert', NULL, 'A concert to inspire and showcase visionaries.'),
	('t345no12-9j23-3456-kl12-0mno01234567', '8a290be6-6a7a-4cd6-b346-d207369d3a46', 'Genetics Lab Workshop', '2024-12-10 10:00:00', '2024-12-10 13:00:00', '2024-12-18', 100, 10, 45.00, 'available', '121 Genomics Dr', 'San Diego', 'CA', 92101, 'Workshop', NULL, 'Hands-on experience in the latest genetic research techniques.'),
	('u456op23-ak34-4567-lm23-1nop12345678', '664ef4b6-d895-4c0e-8535-027c284015b7', 'Ocean Melodies Concert', '2024-12-10 19:00:00', '2024-12-10 22:00:00', '2024-12-22', 600, 50, 55.00, 'available', '333 Marine Blvd', 'Miami', 'FL', 33101, 'Concert', NULL, 'A night of soothing ocean-themed music and performances.'),
	('v567pq34-bl45-5678-mn34-2opq23456789', 'b861a78f-a3a9-44f6-bf7a-e2eac5b9ac07', 'Renewable Energy 101', '2024-12-10 14:00:00', '2024-12-10 16:00:00', '2024-12-27', 250, 30, 25.00, 'available', '456 Solar Ave', 'Austin', 'TX', 78701, 'Webinar', NULL, 'Learn the basics of renewable energy and its applications.'),
	('w678qr45-cm56-6789-no45-3pqr34567890', '87b15d3c-aa30-4f46-95cc-abca6386bda9', 'Travel Innovations Conference', '2024-12-10 09:00:00', '2024-12-10 17:00:00', '2024-12-28', 300, 30, 75.00, 'available', '111 Explorer Ln', 'Orlando', 'FL', 32801, 'Conference', NULL, 'Explore the future of travel technology.'),
	('x789rs56-dn67-7890-op56-4qrs45678901', '33029038-a8a1-486e-aca5-3da998490036', 'Innovative Coding Workshop', '2024-12-05 10:00:00', '2024-12-14 12:00:00', '2024-12-30', 150, 20, 35.00, 'available', '123 Innovation Dr', 'San Francisco', 'CA', 94103, 'Workshop', NULL, 'Hands-on coding workshop for innovative problem solving.'),
	('a123vw89-gh01-1234-rs89-7uvw78901234', 'da2c9519-4e2e-431d-aaa6-3827e19adb7d', 'Digital Creativity Workshop', '2025-12-05 13:00:00', '2025-12-14 16:00:00', '2025-01-05', 120, 15, 40.00, 'available', '888 Tech Blvd', 'Phoenix', 'AZ', 85001, 'Workshop', NULL, 'Explore the latest tools and techniques in digital creativity.'),
	('b234wx90-hi12-2345-st90-8wxy89012345', '775f3825-e298-486c-a182-a1e862da9a64', 'AI Innovations Conference', '2025-12-05 09:00:00', '2025-12-20 17:00:00', '2025-01-10', 350, 30, 80.00, 'available', '171 Creator Ln', 'Pittsburgh', 'PA', 15201, 'Conference', NULL, 'Dive into the world of artificial intelligence and its future potential.'),
	('c345xy01-ij23-3456-tu01-9xyz90123456', '39de3722-8507-4a82-b086-f880ac6287ef', 'Urban Beats Concert', '2025-12-07 19:00:00', '2025-12-22 22:00:00', '2025-01-15', 750, 50, 50.00, 'available', '678 Metro St', 'Chicago', 'IL', 60601, 'Concert', NULL, 'A high-energy concert featuring top urban artists.'),
	('d456yz12-jk34-4567-uv12-0yz012345678', 'dc075002-d0d3-43a3-94ac-77dac63b9850', 'Future of Online Education', '2025-12-06 14:00:00', '2025-12-20 16:00:00', '2025-01-20', 300, 25, 20.00, 'available', '789 Learning Ln', 'Boston', 'MA', 21182, 'Webinar', NULL, 'Discover the latest trends and tools in online education.'),
	('e567za23-kl45-5678-vw23-1za123456789', '3fd354e5-89f6-4380-9d3c-de8128d2ec84', 'Game Design Workshop', '2025-12-07 10:00:00', '2025-12-25 13:00:00', '2025-01-25', 200, 20, 30.00, 'available', '151 Play St', 'Las Vegas', 'NV', 89101, 'Workshop', NULL, 'Learn the essentials of game design from industry experts.');
    
INSERT INTO Concert (event_id, genre) VALUES
    ('b123f33d-54da-41bb-9a43-dc1234f34cc7', 'Holiday'),
    ('d452gf34-1234-5678-abcd-ef34567890ab', 'Pop'),
	('g876dc34-4567-8901-cdef-234567890abc', 'Rock'),
	('j876ac12-7890-1234-dfgh-56789012abcd', 'Electronic'),
	('n234ef67-1234-5678-jklm-90123456efgh', 'Indie'),
    ('n789hi56-3d67-7e89-ef56-4ghi45678901', 'Electronic'),
	('q012kl89-6g90-0123-hi89-7jkl78901234', 'Hip-Hop'),
	('u456op23-ak34-4567-lm23-1nop12345678', 'Classical'),
	('y890st67-en78-8901-pq67-5rst56789012', 'Jazz'),
	('c345xy01-ij23-3456-tu01-9xyz90123456', 'Hip-Hop');


INSERT INTO Webinar (event_id, event_link, access_code) VALUES
    ('e872ef08-d289-4324-997e-fb5588f275fb', 'https://sanjosetheaters.org/event/digital-marketing-webinar', 'MARKETING2024'),
    ('a672ef12-1c23-4b45-b123-1cdef4567890', 'https://sportshub.com/webinar', 'SPORTS2024'),
	('f876bc90-3456-7890-cdef-1234567890ab', 'https://travelsimplified.com/webinar', 'TRAVEL2024'),
	('k987bd34-8901-2345-ghij-67890123bcde', 'https://travelsimplified.com/sustainable', 'ECO2024'),
	('o345fg78-2345-6789-klmn-01234567fghi', 'https://innovateco.com/webinar', 'FUND2024'),
    ('k345ef12-1a34-4c45-bc12-1ddef1234567', 'https://greenenergy.com/webinar', 'GREEN2024'),
	('o890ij67-4e78-8f90-fg67-5hij56789012', 'https://blueoceans.com/webinar', 'OCEAN2024'),
	('v567pq34-bl45-5678-mn34-2opq23456789', 'https://greenenergy.com/webinar', 'ENERGY101'),
	('z901tu78-fo89-9012-qr78-6stu67890123', 'https://wellnessinc.com/webinar', 'HEALTH2024'),
	('d456yz12-jk34-4567-uv12-0yz012345678', 'https://eduworld.org/webinar', 'EDU2025');

INSERT INTO Conference (event_id, speaker_name) VALUES
    ('e56af44c-cd5c-4b15-b923-98c4826bb6c6', 'Dr. Emily Carter'),
    ('c672bc98-1d23-4567-bc89-2def12345678', 'Dr. Alan Turing'),
	('h876ec45-5678-9012-dfgh-34567890abcd', 'Dr. Jane Austin'),
	('m123df56-0123-4567-ijkl-89012345defg', 'Dr. Lisa Carter'),
    ('l567fg34-1b45-5c67-cd34-2edef2345678', 'Dr. Richard Feynman'),
	('r123lm90-7h01-1234-ij90-8klm89012345', 'Dr. Elizabeth Carter'),
	('w678qr45-cm56-6789-no45-3pqr34567890', 'Dr. Lisa Monroe'),
	('b234wx90-hi12-2345-st90-8wxy89012345', 'Dr. Sophia Lang');

INSERT INTO Workshop (event_id, instructor_name, topic) VALUES
    ('fc56b998-a4d1-4b0f-a5b8-f4e1ac8a872b', 'John Doe', 'Ocean Sustainability'),
    ('d456af98-ef12-456b-b123-abcdef123456', 'Jane Smith', 'Urban Design Principles'),
    ('e423ac98-2345-6789-bcde-f1234567890a', 'Dr. Sarah Lee', 'Mental Health Awareness'),
	('i876fc56-6789-0123-dfgh-45678901abcd', 'Emily Chen', 'Diversity in the Workplace'),
	('l098ce45-9012-3456-hijk-78901234cdef', 'John Green', 'Solar Energy Innovations'),
	('p456gh89-3456-7890-lmno-12345678ghij', 'Dr. Emily Watson', 'Ocean Sustainability'),
    ('m678gh45-2c56-6d78-de45-3fgh34567890', 'Jessica Blake', 'Creative Problem Solving'),
	('p901jk78-5f89-9012-gh78-6ijk67890123', 'Alex Thompson', 'Future Thinking'),
	('t345no12-9j23-3456-kl12-0mno01234567', 'Dr. Emily Watson', 'Genetic Engineering Basics'),
	('x789rs56-dn67-7890-op56-4qrs45678901', 'Chris Hamilton', 'Advanced Coding Techniques'),
	('a123vw89-gh01-1234-rs89-7uvw78901234', 'Alex Rivera', 'Creative Technology in Digital Art'),
	('e567za23-kl45-5678-vw23-1za123456789', 'Michael Carter', 'Game Mechanics and Storytelling');